Analyses,Apps,Execution_time_secs,RAM_usage_Mb,CPU_usage
Alignment concatenation,AMAS,10.62775,1740.0162333333333,438.2958333333332
Alignment concatenation,AMAS (--check-align),166.27058333333332,1701.5503666666666,166.35416666666669
Alignment concatenation,goalign (nt),7.29725,2673.4512,104.7
Alignment concatenation,goalign (st),6.37225,2670.9119,100
Alignment concatenation,SEGUL,5.71775,520.7852166666667,140.90833333333336
Alignment concatenation,SEGUL (--datatype ignore),2.81875,522.2257,189.89166666666668
Summary statistics,AMAS,164.64204166666667,2939.127,244.79583333333338
Summary statistics,SEGUL,4.941375,86.27918333333334,1161.0916666666665
