Analyses,Apps,Execution_time_secs,RAM_usage_Mb,CPU_usage,diff_SEGUL_exe_con,diff_SEGUL_mem_con,diff_SEGUL_exe_ig_con,diff_SEGUL_ig_mem_con,diff_SEGUL_exe_sum,diff_SEGUL_mem_sum
Alignment concatenation,AMAS,10.62775,1740.0162333333333,438.29583333333335,1.858729395304097,0.2992990563478843,3.770376940133038,0.300126912609072,2.150767751890921,0.04958527494197516
Alignment concatenation,AMAS (--check-align),166.27058333333332,1701.5503666666666,166.35416666666666,29.079722501566756,0.30606511971014044,58.987346637102725,0.30691169079116887,33.6486470533674,0.05070621770800359
Alignment concatenation,goalign,6.0535,2422.8357333333333,100,1.0587206506055704,0.21494862796586348,2.147583148558758,0.21554317233117687,1.2250638739217323,0.03561082666327964
Alignment concatenation,goalign (nt),6.975666666666666,2449.298,104.78333333333333,1.220002040429656,0.21262631850704436,2.4747376201034736,0.213214439402637,1.4116853439916353,0.03522608654942491
Alignment concatenation,SEGUL,5.71775,520.7852166666667,140.90833333333333,1,1,2.028470066518847,1.0027659835326226,1.1571171991601528,0.1656713373808326
Alignment concatenation,SEGUL (--datatype ignore),2.81875,522.2257,189.89166666666668,0.4929823794324691,0.9972416460290382,1,1,0.5704383901242064,0.16521435718949362
Summary statistics,AMAS,164.64204166666667,2939.127,244.79583333333332,28.794900383309287,0.17719044351151436,58.409593495934956,0.1776805493604053,33.31907448163045,0.029355377747655457
Summary statistics,SEGUL,4.941375,86.27918333333334,1161.0916666666667,0.8642166936294872,6.036047126856207,1.7530376940133037,6.052742733811225,1,1
